{"nodeCount": 532, "inputCount": 520, "outputCount": 5, "connections": [[114, 523, -1.2509358642149566, true, 60], [194, 523, 0.2544081348476598, true, 203], [483, 523, -2.2086797417464603, true, 239], [111, 530, 1.1400403913567356, true, 319], [530, 521, 1.4380598918526015, true, 320], [298, 523, -0.32902353030619097, true, 411], [483, 526, 0.29765284234528705, true, 412], [526, 523, -0.7681101181888085, true, 413], [157, 523, 2.521686694932213, true, 469], [346, 523, -1.0888198707985577, true, 479], [77, 523, 1.682480899473481, true, 550], [323, 529, -0.4265139959087301, true, 589], [526, 527, 2.6777564965070315, true, 603], [527, 523, 0.7526461590921744, true, 604], [187, 523, -0.1197550125174804, true, 634], [288, 523, -1.563704965694019, true, 673], [515, 522, 1.344282398050688, true, 736], [66, 521, 3.0180929920056077, true, 750], [374, 521, 1.6959897127398933, true, 784], [294, 527, 0.10549685324128058, true, 859], [259, 527, 0.08978374937585254, true, 884], [238, 523, 0.9025005848678063, true, 970], [111, 521, -1.7277776346262468, true, 1000], [151, 529, -0.7167386439515712, true, 1135], [369, 522, -2.074803662391657, true, 1196], [480, 523, -0.19621516749371548, true, 1765], [29, 521, 0.6359536435745266, true, 1857], [451, 527, -0.3932448232838804, true, 1915], [183, 523, -1.0524020849970266, true, 1946], [222, 527, -2.9118921154608364, true, 2049], [82, 523, 1.1096505908849492, true, 2082], [202, 527, -1.4841931013030278, true, 2150], [448, 526, -2.0485784706099746, true, 2212], [342, 521, 1.7981297395220082, true, 2258], [191, 529, -1.4949778762819212, true, 2443], [432, 523, 0.3332360551758742, true, 2464], [285, 524, 2.510223675558696, true, 2488], [132, 527, -0.19990500849072648, true, 2519], [229, 530, 0.9414873042351501, true, 2752], [196, 521, 0.8253958679181885, true, 2882], [429, 527, -1.6931666912237842, true, 2890], [437, 526, -2.2928972663673286, true, 3043], [164, 523, -0.22151953230215013, true, 3083], [111, 531, 0.9670562658528266, true, 3084], [531, 530, -1.262933948090353, true, 3085], [388, 530, 1.9118127702325827, true, 3184], [526, 528, -1.488686701738541, true, 3288], [528, 527, 0.7084511489985774, true, 3289], [317, 523, 0.8697112752476099, true, 3316], [17, 521, -0.971402087434299, true, 3369], [456, 529, 0.9247973422518718, true, 3593], [114, 529, 1.44540427604474, true, 3615], [529, 523, 2.5522910693270218, true, 3616], [409, 527, 2.0825384865743706, true, 3692], [457, 525, 0.4144243124583046, true, 3725], [494, 526, 0.9227305103531837, true, 3773], [107, 526, 0.22178088392179565, true, 3868], [330, 523, 0.35943056373110005, false, 4289]]}