{"nodeCount": 535, "inputCount": 520, "outputCount": 5, "connections": [[114, 523, -0.5760110473809527, true, 60], [295, 526, 0.12857490039301372, true, 166], [194, 523, -0.35338770062772057, true, 203], [409, 524, -0.48205394721907163, true, 217], [74, 522, 0.14842265291832618, true, 232], [439, 521, 1.0174308958599405, true, 232], [483, 523, 0.23935652756839043, true, 239], [153, 524, -2.6080706376569878, true, 318], [111, 530, -2.2262557192996932, true, 319], [530, 521, 1.9185399342759628, true, 320], [472, 527, 0.9961503400619112, true, 347], [298, 523, -1.7594692070078304, true, 411], [483, 526, -2.1404370679182336, true, 412], [526, 523, 1.4428663576041114, true, 413], [157, 523, -0.7512185302099879, true, 469], [346, 523, -1.816502357288135, true, 479], [287, 525, 0.0891482508054111, true, 544], [77, 523, -0.4625396258861208, true, 550], [323, 529, -0.07934439656183923, true, 589], [362, 525, -0.984161365751253, true, 593], [526, 527, -2.0612444599407964, true, 603], [527, 523, -1.6508377424333578, true, 604], [187, 523, 0.04168763967976391, true, 634], [110, 521, 1.1213346983112582, true, 666], [288, 523, 0.4561692898178794, true, 673], [515, 522, 2.615561930757451, true, 736], [510, 525, -0.8644097686629197, true, 743], [66, 521, 2.752000000379544, true, 750], [374, 521, 0.8285507187207036, true, 784], [81, 531, 0.3855421596533592, true, 824], [294, 527, -1.961653828124107, true, 859], [341, 529, 0.8204221539339223, true, 881], [247, 526, -0.6339501852276079, true, 887], [66, 523, 0.18880070033677857, true, 943], [238, 523, 1.8560349004438625, true, 970], [247, 524, 0.9763168961102198, true, 970], [256, 524, 1.194283918609584, true, 992], [111, 521, 0.21788341378829124, true, 1000], [218, 527, 0.16212998747768398, true, 1073], [381, 530, -0.7936663188454223, true, 1107], [385, 525, -0.27674193567573313, true, 1117], [331, 523, 1.6567103117343907, true, 1197], [55, 523, -0.1819894718775764, true, 1203], [437, 530, -0.5775932861176301, true, 1245], [508, 528, -1.0687253068741684, true, 1340], [432, 531, 1.9926484205938981, true, 1480], [531, 523, 0.27016518885768936, true, 1481], [149, 527, -0.7854312265469224, true, 1483], [5, 526, -0.9933363441110418, true, 1721], [471, 525, 0.2515617573012484, true, 1734], [287, 529, 1.2320409085340314, true, 1770], [473, 526, -0.6787714386704982, true, 1786], [212, 530, 1.2846562605452814, true, 1813], [323, 532, -0.025616255230406393, true, 1880], [532, 529, -1.715156886469994, true, 1881], [75, 523, 1.9627431251430596, true, 1888], [183, 523, -1.0223301218914538, true, 1946], [404, 522, -1.038853121454944, true, 1972], [93, 531, -2.638974872612149, true, 1973], [82, 523, 2.3259072391925932, true, 2082], [75, 525, 0.35980676140742, true, 2088], [202, 527, 1.0333928437805509, true, 2150], [195, 530, 0.6042280101391456, true, 2171], [323, 521, -0.24985761348569463, true, 2210], [342, 521, 0.4572109755166418, true, 2258], [526, 522, -2.4663814490416978, true, 2299], [432, 523, 1.28583853438083, true, 2464], [107, 524, -0.10823443560248247, true, 2476], [132, 527, 0.964691951104741, true, 2519], [137, 527, -1.1382507692336152, true, 2558], [359, 526, -0.4858833984365991, true, 2584], [486, 524, 0.210814155271987, true, 2618], [126, 523, -0.4742152438876957, true, 2849], [429, 527, 1.0111890128287977, true, 2890], [424, 523, -1.3746153860481103, true, 2931], [458, 529, -1.8196112358453669, true, 3032], [437, 526, 2.107048847036352, true, 3043], [308, 528, -0.35476429505205115, true, 3109], [119, 528, -1.4957181504833807, true, 3222], [362, 533, 1.3476712112599794, true, 3257], [533, 525, -0.7436061215814183, true, 3258], [448, 530, -0.7265751032165042, true, 3272], [526, 528, 2.72822504673346, true, 3288], [528, 527, -0.7742691729651642, true, 3289], [354, 529, 1.8090320672267692, true, 3424], [392, 525, 0.7424764852348276, true, 3459], [114, 529, 0.8773979783508361, true, 3615], [529, 523, 0.16653082653925913, true, 3616], [409, 527, -0.8429514580026609, true, 3692], [494, 526, 0.9688597806280672, true, 3773], [45, 525, -0.7602931611804695, true, 3842], [287, 534, -1.2004354689260515, true, 3843], [534, 525, -0.725561686636368, true, 3844], [107, 526, -2.477635972837579, true, 3868], [374, 525, 0.6039902374772224, true, 3964], [517, 521, -0.8551609732826587, true, 4064], [330, 523, -0.10329393227162834, true, 4289], [195, 527, 0.411377696343603, true, 4321], [196, 528, 0.10955708998967263, true, 4405]]}