{"nodeCount": 537, "inputCount": 520, "outputCount": 5, "connections": [[114, 523, -0.43105343905188764, true, 60], [194, 523, -0.20477875662060074, true, 203], [483, 523, -1.277761977113026, true, 239], [413, 523, 1.4525390198198598, true, 292], [111, 530, 1.1640117127462253, true, 319], [530, 521, 0.07525486711437492, true, 320], [298, 523, 1.849559527917782, true, 411], [483, 526, 1.8852190353179752, true, 412], [526, 523, 1.612892459138409, true, 413], [157, 523, 1.5611446388256658, true, 469], [346, 523, 2.816586253849545, true, 479], [294, 531, -2.0292707076447876, true, 502], [531, 527, -0.030668584592897702, true, 503], [77, 523, 2.4825055183189777, true, 550], [323, 529, 0.1368281575408204, true, 589], [526, 527, -1.5413692521211932, true, 603], [527, 523, -0.31575088272896085, true, 604], [234, 530, 0.8682220180508211, true, 618], [187, 523, 0.20087644881010455, true, 634], [465, 529, -0.7797089531073707, true, 652], [288, 523, 0.0768164389632116, true, 673], [515, 522, 2.4948872086345064, true, 736], [66, 521, 0.1458697030471089, true, 750], [374, 521, 3.5491625744653925, true, 784], [294, 527, -0.4256210344826856, true, 859], [500, 525, 1.0374176073770969, true, 867], [341, 529, 0.08750966571258514, true, 881], [238, 523, -0.7289904208911157, true, 970], [111, 521, 1.2030728955462726, true, 1000], [385, 525, 0.47202135426095604, true, 1117], [55, 523, -0.7040339183593611, true, 1203], [519, 524, -1.6606614551824208, true, 1233], [204, 525, -0.05908883600708807, true, 1257], [149, 527, 0.7354768409955748, true, 1483], [391, 527, -0.009906399632252594, true, 1497], [471, 525, -0.04420134391878672, true, 1734], [212, 530, -2.4000673262715484, true, 1813], [183, 523, 0.0018148142045080404, true, 1946], [82, 523, 1.5637774946690153, true, 2082], [75, 525, 1.9818574413261647, true, 2088], [202, 527, -0.7012511421841591, true, 2150], [308, 523, 0.5444499500521386, true, 2233], [342, 521, 1.465514749717849, true, 2258], [526, 522, 1.5372644993520004, true, 2299], [175, 525, -1.1319220310175258, true, 2389], [432, 523, 2.3442616998030745, true, 2464], [107, 524, 1.6776732495059041, true, 2476], [132, 527, 0.005097680474205196, true, 2519], [359, 526, -0.19036214303711266, true, 2584], [434, 524, 1.1863854153427689, true, 2585], [526, 532, -2.08534241878077, true, 2586], [532, 522, -0.7978523268659165, true, 2587], [92, 527, -1.075073081367822, true, 2690], [458, 533, -0.9696483138451194, true, 2722], [533, 529, 1.4141882520568754, true, 2723], [126, 523, -0.7428680006482442, true, 2849], [254, 533, -0.7969184607254802, true, 2877], [149, 534, 1.4067140848761848, true, 2878], [534, 527, 1.3088662475717499, true, 2879], [429, 527, 0.8244404782980379, true, 2890], [458, 529, 1.420898211304473, true, 3032], [437, 526, -1.7103832674889223, true, 3043], [203, 523, 0.41639256503545374, true, 3077], [52, 530, 0.11812253448238091, true, 3209], [526, 528, 1.6595530508641971, true, 3288], [528, 527, -2.169920660377602, true, 3289], [70, 534, -0.8105785801153134, true, 3334], [470, 525, -0.8217221610440133, true, 3362], [93, 524, 0.30374148470520557, true, 3483], [114, 529, 1.004014782869426, true, 3615], [529, 523, 1.354516361255499, true, 3616], [22, 522, 0.04866906678707893, true, 3617], [308, 535, 1.486910984445639, true, 3684], [535, 523, -1.0846811009868487, true, 3685], [409, 527, 2.0253213004120347, true, 3692], [33, 529, 0.12088326697600991, true, 3707], [494, 526, -0.7384443098437433, true, 3773], [129, 524, -0.4631192299236464, true, 3781], [107, 526, -1.1362333153042072, true, 3868], [258, 524, -1.1375830976446064, true, 3873], [374, 525, 1.0432916260022314, true, 3964], [500, 522, 0.15578362602838833, true, 3995], [287, 528, -1.885398175211164, true, 4003], [330, 523, 0.2557714791842901, true, 4289], [32, 529, 0.5146345091207374, true, 4433], [432, 536, 1, true, 4434], [536, 523, -2.226321887403163, true, 4435]]}