{"nodeCount": 533, "inputCount": 520, "outputCount": 5, "connections": [[470, 523, 3.1803278256880527, true, 65], [443, 521, 1.0391659784985663, true, 131], [521, 520, 1.61806300612156, true, 151], [395, 528, 0.3195768480522885, true, 152], [528, 526, 0.4532447898069861, true, 153], [381, 523, -0.5299909936332844, true, 361], [181, 520, 1.9308936622809154, true, 403], [141, 521, -1.4505549271864477, true, 645], [113, 523, 5.207599938796971, true, 647], [429, 528, -0.26197128673429304, true, 804], [214, 520, 0.20220580031576393, true, 1107], [440, 523, 1.179686762698798, true, 1155], [213, 523, -2.8575149399680972, true, 1220], [391, 521, 1.538073952878471, true, 1265], [141, 529, 0.5096702179739887, true, 1287], [529, 521, 0.4407522187327865, true, 1288], [438, 528, -2.579660549957524, true, 1538], [470, 526, 0.5189940878791756, true, 1588], [526, 523, -1.042730859522373, true, 1589], [72, 527, 0.4290954768878446, true, 1593], [114, 527, -0.42058438985088464, true, 2044], [20, 521, 1.4634829623043875, true, 2100], [194, 522, -0.08737647111418125, true, 2132], [18, 523, 1.8591673142810512, true, 2157], [503, 525, -1.2163754926547574, true, 2310], [395, 526, 0.3412114003505119, true, 2366], [36, 529, 0.37624215794731347, true, 2503], [515, 522, 0.8783663318899736, true, 2544], [481, 524, -1.8484687338088468, true, 2633], [113, 527, 1.6808194588558156, true, 2676], [527, 523, -0.685924651917413, true, 2677], [321, 526, 1.0656473438634455, true, 2808], [68, 529, -0.2822850696071086, true, 2936], [261, 520, -0.19989240208020104, true, 3039], [323, 526, 0.6863111833403736, true, 3080], [50, 521, -0.5717426101460265, true, 3121], [14, 523, -0.0918990727258815, true, 3121], [11, 527, -2.1788188318988366, true, 3182], [330, 526, 1.0101206495869615, true, 3220], [200, 525, -1.8708298544005386, true, 3254], [11, 530, 1.074391914299968, true, 3272], [530, 527, -0.3181805341482121, true, 3273], [355, 526, -1.3426623084976919, true, 3364], [466, 531, 0.9049732085367923, true, 3468], [531, 521, -0.2572307778842152, true, 3469], [212, 531, 0.1647714834236917, true, 3494], [203, 526, 1.3224522389797662, true, 3522], [18, 532, 0.3187434022005482, true, 3565], [532, 523, 1.692070711135906, true, 3566], [272, 532, -1.6008120776142947, true, 3612], [372, 527, -1.3019485939865885, true, 3640], [379, 523, -0.6193216077571593, true, 3768], [183, 532, 0.13195243237755222, true, 3917], [205, 522, -0.4218316929888605, true, 3965], [466, 521, -1.130346100569179, true, 4078], [31, 523, 0.7256703467053606, true, 4243]]}